"nombre","cuenta","usuario","tw","id"
"C&EN","@cenmag","Ktilger_Chem","RT @cenmag: High-speed photography trick helps solve age-old question of why sodium and potassium explode in water. Video here: http://t.co‚Ä¶","560219722508423169"
"C&EN","@cenmag","susanjainsworth","Job in 1 wd: service-oriented--Soosairaj Therese, chem prof at Bronx CC #cenoneword #acsdenver @cenmag @ACSNatlMtg http://t.co/AFPvrtlZAJ","580507613890236416"
"C&EN","@cenmag","Chem_Consult","RT @cenmag: Not the bees' knees: Evidence mounts against neonicotinoid pesticides http://t.co/LD1Kej6gxy http://t.co/YxCcyHDKud","591384434181427200"
"C&EN","@cenmag","Ktilger_Chem","RT @cenmag: What's Tony Stark's suit really made of? @acsreactions takes on the science of The @avengers https://t.co/XgncYOn4LY","593196786908561408"
"C&EN","@cenmag","hony_2014","Chemical Safety: Explosion hazard in synthesis of azidotrimethylsilane http://t.co/L8lGIHvCPE via @cenmag","552976851212062720"
"C&EN","@cenmag","arndt_eric","RT @cenmag: RT @DrRubidium: ""I only buy chemical-free."" #FiveWordsToRuinADate","555503224053309440"
"C&EN","@cenmag","meganlatshaw","RT @cenmag: RT @DrRubidium: ""I only buy chemical-free."" #FiveWordsToRuinADate","555501547858440192"
"C&EN","@cenmag","IBchemmilam","RT @cenmag: RT @DrRubidium: ""I only buy chemical-free."" #FiveWordsToRuinADate","555500665582419968"
"C&EN","@cenmag","ACSDivCHED","RT @BibianaCampos: Dow donates $1million to support AACT http://t.co/6Med6PGvev via @cenmag @ACSpressroom #scienceed","557684004926001153"
"C&EN","@cenmag","MistahKindah","RT @cenmag: Cover story: How custom chemical manufacturers help bring drugs (like cancer drug Imbruvica, shown) to market http://t.co/ZVKea‚Ä¶","559855349436780544"
"C&EN","@cenmag","laurenkwolf","Chemistry Quiz: For another preview of @cenmag 's story ""When Chemicals Became Weapons of War,"" test your wits: http://t.co/VFAIFpClHA","569274178093903874"
"C&EN","@cenmag","RSC_HSG","RT @compoundchem: Compelling reading: @saraheverts &amp; @cenmag mark 100 years since advent of chemical warfare: http://t.co/PZZw4HZRKZ http:/‚Ä¶","569998265342689280"
"C&EN","@cenmag","acsdchas","@cenmag: Boosting Safety At Chemical Facilities: EPA weighs new approaches to process safety http://t.co/YRE82mDFxo http://t.co/RzORXpOmPZ","569994626200965122"
"C&EN","@cenmag","markmackllc","Two Italian chemical firms have launched projects to produce levulinic acid from biomass. http://t.co/ubdTWAN2rC via @cenmag","575799827935686656"
"C&EN","@cenmag","Catalysis_IMCN","RT @vigabalme: Great short biography of Fritz Haber and his relationship with war:
http://t.co/eg0KmkkuyP
via @cenmag","576168127853162496"
"C&EN","@cenmag","Sciguy999","Union Carbide, now a Dow Chemical sub, to buy back W Virginia plant that once produced methyl isocyanate http://t.co/DzJpaXdQhC via @cenmag","584134406715133952"
"C&EN","@cenmag","alexcunn","RT @cenmag: At the #Watchglass: Celebrating the Keeling Curve http://t.co/Kw7ooK2Znw  @amerchemsociety @noaa @scripps_ocean http://t.co/1bGÖ","594288416843538432"
"C&EN","@cenmag","vancew","RT @cenmag: At the #Watchglass: Celebrating the Keeling Curve http://t.co/Kw7ooK2Znw  @amerchemsociety @noaa @scripps_ocean http://t.co/1bGÖ","594288357082931200"
"C&EN","@cenmag","WendinhGarCalde","RT @cenmag: At the #Watchglass: Celebrating the Keeling Curve http://t.co/Kw7ooK2Znw  @amerchemsociety @noaa @scripps_ocean http://t.co/1bGÖ","594284571291623424"
"C&EN","@cenmag","dpchalasani","A generally optimistic cover story in this week's @cenmag about India's #chemical industry. @PMOIndia http://t.co/OR50LC1eAP","595370558356852737"
"C&EN","@cenmag","AWinnr","RT @AmerChemSociety: Video: Bugs wage chemical warfare with butts and guts featuring @cenmag #speakingofchem http://t.co/tmwj7IvMJn http://Ö","605521631641923584"
"C&EN","@cenmag","tralfamadorable","These tats are SWEET. #chemistry Randa Roland http://t.co/2q3ObaoD0p via @cenmag","557682475984773123"
"C&EN","@cenmag","m39618462","RT @cenmag: Even after you get out of the sun, aftereffects of UV light can cause cancerous damage to skin http://t.co/uJWAgzkzre http://t.Ö","571455702079819777"
"C&EN","@cenmag","cenmag","RT @ACSERC: In this week's @cenmag: @AmerChemSociety will host an #investor #pitch event for #chemistry #startups in San Diego: http://t.coÖ","572539609000722432"
"C&EN","@cenmag","ConnorChapek","RT @cenmag: Now, usually we don't do this but, uh, we thought we'd share a li'l preview of the Guinness. http://t.co/MHE7l2xRmh http://t.coÖ","576890004095393793"
"C&EN","@cenmag","Chemkishan","RT @cenmag: Now, usually we don't do this but, uh, we thought we'd share a li'l preview of the Guinness. http://t.co/MHE7l2xRmh http://t.coÖ","577248510023577600"
"C&EN","@cenmag","ErikaOltermann","RT @BerkeleyLab: Why do bubbles in a pint of @GuinnessIreland fall? http://t.co/R2rMCknfOh @cenmag #StPatricksDay #beer http://t.co/awbPrNdÖ","577974224226111488"
"C&EN","@cenmag","susanjainsworth","Job in 1 wd: stimulating--principle investigator, NIH #cenoneword #acsdenver @ACSNatlMtg @cenmag #chemjobs #chemistry http://t.co/z9nCfzTJ68","580511918605099010"
"C&EN","@cenmag","MoleculeWorld","RT @cenmag: New #3Dprinting method cuts print times to minutes--with #chemistry! http://t.co/f8utWHwIgT #Video via @carbon3D http://t.co/gTÖ","581243680402493440"
"C&EN","@cenmag","mrnavas","RT @cenmag: New #3Dprinting method cuts print times to minutes--with #chemistry! http://t.co/f8utWHwIgT #Video via @carbon3D http://t.co/gTÖ","581238032126345216"
"C&EN","@cenmag","Carbon3D","RT @cenmag: New #3Dprinting method cuts print times to minutes--with #chemistry! http://t.co/f8utWHwIgT #Video via @carbon3D http://t.co/gTÖ","581237576851447808"
"C&EN","@cenmag","jv3sund","RT @LamResearch: Another #FunFactFriday! Super cool #infographic on the #chemistry of #Guinness via @cenmag! http://t.co/RvhIUYyMEB http://Ö","581604242869342209"
"C&EN","@cenmag","Ritabril","RT @cenmag: New #3Dprinting method cuts print times to minutes--with #chemistry! http://t.co/f8utWHwIgT #Video via @carbon3D http://t.co/gTÖ","582688044727296000"
"C&EN","@cenmag","wmgeil","RT @compoundchem: This monthís @cenmag graphic looks at daffodil chemistry: colour, aroma, poison &amp; medicine: http://t.co/rvDQ28WeSY http:/Ö","588852119576383488"
"C&EN","@cenmag","Chm107Downtown","RT @cenmag: Spring has sprung! And with it the beautiful (and poisonous) chemistry of daffodils http://t.co/fXKv8zBVzx http://t.co/z9v6N93VÖ","589941082432999424"
"C&EN","@cenmag","ItsScienceMagic","RT @cenmag: Spring has sprung! And with it the beautiful (and poisonous) chemistry of daffodils http://t.co/fXKv8zBVzx http://t.co/z9v6N93VÖ","589936712727531520"
"C&EN","@cenmag","josharellano","RT @cenmag: Spring has sprung! And with it the beautiful (and poisonous) chemistry of daffodils http://t.co/fXKv8zBVzx http://t.co/z9v6N93VÖ","589936217384361984"
"C&EN","@cenmag","MellaNofri","RT @cenmag: Chemistry in the UK: Attitude is largely <ed><U+00A0><U+00BD><ed><U+00B8><U+0090>, not rotten nor vicious. #chemperceptions  http://t.co/lg8eMjzXqt http://t.co/2R3ryuÖ","606960339712753666"
"C&EN","@cenmag","nanocastsafety","RT @cenmag: From the Safety Zone: A chemistry fire at @uutah, with lessons for the future http://t.co/h8h1qxamDw #chemsafety @jkemsley","609140790908944384"
"C&EN","@cenmag","MSScienceBlog","RT @compoundchem: Summer strawberry chemistry is the theme in this monthís #PeriodicGraphics in @cenmag: http://t.co/1I1Xj4WDoO http://t.coÖ","610589293220900865"
"C&EN","@cenmag","AtomicUniverse","@cenmag Please support and retweet. #science #education in #comics for #teaching
https://t.co/bqdHwFjfWt http://t.co/ND9ALkFVfZ","612768919460425728"
"C&EN","@cenmag","liam_d_odonnell","RT @compoundchem: Summer strawberry chemistry is the theme in this monthís #PeriodicGraphics in @cenmag: http://t.co/1I1Xj4WDoO http://t.coÖ","612762530235219968"
"Chemistry World","@ChemistryWorld","snapdannyboy","RT @ChemistryWorld: Sad inditement of US policy on science? Cash for toughest chem synthesis problem runs out http://t.co/qXbTwK2s7k http:/‚Ä¶","555876400528236544"
"Chemistry World","@ChemistryWorld","oundle_chem","RT @ChemistryWorld: These water droplets mixed with food colour chase each other. We now know why #dotrythisathome http://t.co/5pIjQZiEad hÖ","578702468693024768"
"Chemistry World","@ChemistryWorld","ericscerri","is this cool or what?  world population clock http://t.co/foAjZoW1aC http://t.co/sxpYebLPmH .@angew_chem.@ChemistryWorld.@NYT.@WSJ.@econ","579069754624770048"
"Chemistry World","@ChemistryWorld","JEPG24","RT @ChemistryWorld: Waves of self-catalysing chemical reactions can be controlled using short strands of DNA http://t.co/sllJu1L9Jj","568922469702234112"
"Chemistry World","@ChemistryWorld","The_Frasian","RT @ChemistryWorld: Just meteorite dust, a simple chemical and the solar wind can form DNA bases http://t.co/iuo5BnP4iM http://t.co/1bQhg1VÖ","588128330974638081"
"Chemistry World","@ChemistryWorld","glitter_hole","RT @ChemistryWorld: Just meteorite dust, a simple chemical and the solar wind can form DNA bases http://t.co/iuo5BnP4iM http://t.co/1bQhg1VÖ","588126852973256704"
"Chemistry World","@ChemistryWorld","aleradar","RT @ChemistryWorld: Just meteorite dust, a simple chemical and the solar wind can form DNA bases http://t.co/iuo5BnP4iM http://t.co/1bQhg1VÖ","588122449075638272"
"Chemistry World","@ChemistryWorld","CoC_guy","RT @ChemistryWorld: Just meteorite dust, a simple chemical and the solar wind can form DNA bases http://t.co/iuo5BnP4iM http://t.co/1bQhg1VÖ","588119226260393984"
"Chemistry World","@ChemistryWorld","whatsbobgonnado","RT @ChemistryWorld: Scientists claim evidence for a new type of bond, 1st proposed 30 years ago http://t.co/tXlfrMNkXF http://t.co/ITuvAEzTÖ","597549313061978112"
"Chemistry World","@ChemistryWorld","morrisresearch","RT @ChemistryWorld: US chemical industry body accused over links to discredited fire safety group http://t.co/qM0QJTMv0V http://t.co/wBdvOWÖ","603338137960587264"
"Chemistry World","@ChemistryWorld","chemparrot","RT @ChemistryWorld: A lot of people have been reading this one: Toughest synthesis challenge nears completion http://t.co/qXbTwK2s7k http:/‚Ä¶","556601436255948800"
"Chemistry World","@ChemistryWorld","Furness_Ent","RT @GSKUlverston: If you have the right chemistry, this job at GSK Ulverston might be for you. @ChemistryWorld : http://t.co/c6K2donJAp","558765324024041473"
"Chemistry World","@ChemistryWorld","Fadders10","RT @ChemistryWorld: Chemistry laureate Yves Chauvin who laid out olefin metathesis mechanism has died http://t.co/GlosOPymK9 http://t.co/ma‚Ä¶","560950507452526592"
"Chemistry World","@ChemistryWorld","dbfulton","RT @ChemistryWorld: Chemistry laureate Yves Chauvin who laid out olefin metathesis mechanism has died http://t.co/GlosOPymK9 http://t.co/ma‚Ä¶","560950378573750272"
"Chemistry World","@ChemistryWorld","borderbend","RT @artologica: Oooh, special Chemistry and Art themed issue of @ChemistryWorld http://t.co/CociEQIV4o via @stuartcantrill","561673696776310785"
"Chemistry World","@ChemistryWorld","AidanBaker","RT @Clare_Sansom: Thankful for splendid @ChemistryWorld science communication awards meeting with 10 excellent finalists and chemistry themÖ","579068195480326145"
"Chemistry World","@ChemistryWorld","Clare_Sansom","Thankful for splendid @ChemistryWorld science communication awards meeting with 10 excellent finalists and chemistry themed lunch","579067422721736704"
"Chemistry World","@ChemistryWorld","Tzublal","RT @ChemistryWorld: Massive open online courses are letting millions learn. What's in it for unis? http://t.co/QDsy9YPsj8 #MOOC http://t.coÖ","580518294584745986"
"Chemistry World","@ChemistryWorld","Westaeus","RT @ChemistryWorld: Review: 'Chemistry: a very short introduction'. A slim yet essential volume
http://t.co/XdmiZqKW8w http://t.co/GNjCmjoLÖ","582690294182739968"
"Chemistry World","@ChemistryWorld","GBoissonnat","RT @abithramadevan: Cart full of solvents on the way to hood... Chemists satisfaction #chemistry #research @RealTimeChem @ChemistryWorld htÖ","589209152813199360"
"Chemistry World","@ChemistryWorld","sherfranklin","@ChemistryWorld thanks for sharing Chemistry World, have a great Thursday :) (insight by http://t.co/I48EZLrNkN)","604074167932166145"
"Chemistry World","@ChemistryWorld","EllenMellon_88","RT @ChemistryWorld: How does the public feel about chemistry? @markpeplow looks at the evidence #chemperceptions http://t.co/R0wjEa7P4j httÖ","605520426131955712"
"Chemistry World","@ChemistryWorld","thebiolady","RT @ChemistryWorld: Survey time. Do you enjoy reading Chemistry World? Tell us why, so we can make it even better https://t.co/yYviaqONv3 hÖ","613486755417862145"
"ACS Green Chemistry","@ACSGCI","AmerChemSociety","RT @ACSGCI: Chemical Angel Network investor gives industry tips at @DESCAlliance ‚ÄòLunch and Learn‚Äô event: http://t.co/wULarKiBnA","560214489338216448"
"ACS Green Chemistry","@ACSGCI","Kidzroom","Coming? ""@ACSGCI: Design of Safer Chemicals and Products: the Nexus of Toxicology and Chemistry: http://t.co/kE05WGw7ho via @NWGreenChem""","563480376765448192"
"ACS Green Chemistry","@ACSGCI","ktann83","http://t.co/C45ZIlJitM this gives a real positive direction for the future of pharmaceutical chemistry. #cnmchem2810 thanks @ACSGCI","570369166978338817"
"American Chemistry","@AmChemistry","MunkhturTMT","RT @EnergyNation: .@AmChemistry: U.S. chemical industry #shale investment hits $135B http://t.co/Xol6ZC7X0p http://t.co/cHhA8kXiaB","555512806150119424"
"American Chemistry","@AmChemistry","sime0n","@AmChemistry @bizroundtable @chemsafetyboard Gross mismanagement of the investigations by the chairman and director: http://t.co/RLCaX9noOB","566738426200739840"
"American Chemistry","@AmChemistry","OffGridOnGrid","RT @AmChemistry New #Trade Report: U.S. #chemical #exports linked to #ShaleGas could double by 2030: http://t.co/csYbWW5AMf #NatGas http://‚Ä¶","570733782640287744"
"American Chemistry","@AmChemistry","ideawomen","RT @AmChemistry: New #Trade Report: U.S. #chemical #exports linked to #ShaleGas could double by 2030: http://t.co/esTe2BV1St #NatGas http:/Ö","571088257351614464"
"American Chemistry","@AmChemistry","nratrh","RT @AmChemistry: When fluorine and carbon atoms join together, they create a powerful #chemical bond vital to many industries!  #PFAS http:Ö","594289020932202496"
"American Chemistry","@AmChemistry","MagloVillalba","RT @AmChemistry: When fluorine and carbon atoms join together, they create a powerful #chemical bond vital to many industries!  #PFAS http:Ö","594283747450695681"
"American Chemistry","@AmChemistry","fcoroac","RT @AmChemistry: When fluorine and carbon atoms join together, they create a powerful #chemical bond vital to many industries!  #PFAS http:Ö","594280251074576384"
"American Chemistry","@AmChemistry","dewi_darmawati","RT @AmChemistry: When fluorine and carbon atoms join together, they create a powerful #chemical bond vital to many industries!  #PFAS http:Ö","594277845716733953"
"American Chemistry","@AmChemistry","bizcochopat","RT @AmChemistry: When fluorine and carbon atoms join together, they create a powerful #chemical bond vital to many industries!  #PFAS http:Ö","595729657099644928"
"American Chemistry","@AmChemistry","polymerchemical","RT @AmChemistry: If you support helping #chemical manufacturers drive massive #job growth, you support #TPA: http://t.co/NeNrxbbRTi http://Ö","604786979029532672"
"American Chemistry","@AmChemistry","skoolycool","@AmChemistry I don't support absolving chemical companies of their environmental responsibilities.","605152020060872704"
"American Chemistry","@AmChemistry","Rdday91191","RT @AmChemistry: If you support unleashing massive growth potential for US #chemical exports, you support #TPA: http://t.co/6uFDyqPM6k httpÖ","605884767213518848"
"American Chemistry","@AmChemistry","TaylorVenture7","RT @AmChemistry: If you support helping #chemical manufacturers drive massive #job growth, you support #TPA: http://t.co/NeNrxbbRTi http://Ö","606243205802303488"
"American Chemistry","@AmChemistry","baldeilys","RT @AmChemistry: Learn about #FluoroTechnology innovations and use of short-chain #PFAS: http://t.co/ojGmLV7VRj http://t.co/zJdEHlhygH httpÖ","607697735089823744"
"American Chemistry","@AmChemistry","featherlou","@AmChemistry Sure, that's just what Big Chemistry would say.","571450342753218561"
"American Chemistry","@AmChemistry","silanoldep","Chemistry!!! is out! http://t.co/jR4binWyPa Stories via @AmChemistry @stuartcantrill @ACSPublications","583056035868491776"
"American Chemistry","@AmChemistry","smokva200","RT @AmChemistry: Learn about #FluoroTechnology innovations and important use of short-chain #PFAS: http://t.co/bmEKyUKhnb #Chemistry http:/Ö","594288341035700224"
"American Chemistry","@AmChemistry","drskharlamov","RT @AmChemistry: Learn about #FluoroTechnology innovations and important use of short-chain #PFAS: http://t.co/bmEKyUKhnb #Chemistry http:/Ö","594287262193438720"
"American Chemistry","@AmChemistry","IsraelFonseca11","RT @AmChemistry: Learn about #FluoroTechnology innovations and important use of short-chain #PFAS: http://t.co/bmEKyUKhnb #Chemistry http:/Ö","594287002305966081"
"American Chemistry","@AmChemistry","Magallanes35","RT @AmChemistry: Learn about #FluoroTechnology innovations and important use of short-chain #PFAS: http://t.co/bmEKyUKhnb #Chemistry http:/Ö","594281722709151744"
"American Chemistry","@AmChemistry","Scarlet37236746","RT @AmChemistry: Learn about #FluoroTechnology innovations and important use of short-chain #PFAS: http://t.co/bmEKyUKhnb #Chemistry http:/Ö","594279480278982656"
"American Chemistry","@AmChemistry","zouxingjian","RT @AmChemistry: Learn about #FluoroTechnology innovations and important use of short-chain #PFAS: http://t.co/bmEKyUKhnb #Chemistry http:/Ö","594652398016040960"
"American Chemistry","@AmChemistry","AlexaSkia","RT @AmChemistry: Learn about #FluoroTechnology innovations and important use of short-chain #PFAS: http://t.co/bmEKyUKhnb #Chemistry http:/Ö","594645054234431488"
"American Chemistry","@AmChemistry","mrizzo64","RT @AmChemistry: Learn about #FluoroTechnology innovations and important use of short-chain #PFAS: http://t.co/bmEKyUKhnb #Chemistry http:/Ö","594644821748412416"
"American Chemistry","@AmChemistry","davidhth","RT @CaptG2: See, I told you so... ""@AmChemistry lied about lobbying role on flame retardants, consultant says"" http://t.co/IKuOpyREfS via @Ö","598636996081356803"
"RACI","@RACI_HQ","RACI_HQ","RT @SimonWLewis: Chemistry in the Bush. Dr Gavin Flematti presents the 2015 RACI Bayliss Lecture at Curtin Uni @RACI_HQ @reneewebs http://tÖ","577978677192851456"
"RACI","@RACI_HQ","arri_aus","RT @CurtinMedia: The @RACI_HQ Titration Comp for high school students is off and running in the Curtin chemistry labs http://t.co/SpDiXhfq0Ö","613487823815991296"
"SCI","@SCIupdate","chitinette","RT @SCIupdate: Thinking about starting a career in #chemical and #lifesciences? Attend #dayofscienceandcareers #Scotland on 1 June: http://Ö","596816077767729154"
"Amer Chem Society","@AmerChemSociety","AndyNguyenTC","@UTArlington Chem Prof Sandy Dasgupta honored by @AmerChemSociety for Excellence In Education. http://t.co/iA8J4T1dAs","570365079843004416"
"Amer Chem Society","@AmerChemSociety","ACSPublications","RT @AmerChemSociety: #ACSdenver Fred Kavli Innovation in Chem Lecture from Dr Laura L Kiessling 5:30pm today Bellco Theater, Conv Ctr http:Ö","580144405341831168"
"Amer Chem Society","@AmerChemSociety","UNLGradStudies","Article in the Journal of @AmerChemSociety feature recent CHEM PhDs and Postdoc! @UNLChemistry @NSF @UNLPostdoc #UNL","586636952495005696"
"Amer Chem Society","@AmerChemSociety","ruderalcoop","We highly commend @AmerChemSociety for including a @Cannabis_Chem Committee! http://t.co/z86SyIZ9qg","588125875666825217"
"Amer Chem Society","@AmerChemSociety","234chem","Jun Nishikawa got FIRST place 4 Cinci Section of @AmerChemSociety Ralph E. Oesper 1st Level Chem Exam! Recognized tonight. @SycamoreSchools","591018904333332481"
"Amer Chem Society","@AmerChemSociety","234chem","Josh Pelberg was 1 of 12 local qualifiers 4 the US Nat'l Chem Olympiad test. Recognized tonight at @AmerChemSociety mtg. @SycamoreSchools","591017518086643712"
"Amer Chem Society","@AmerChemSociety","tinypetite99","RT @AmerChemSociety: BSC student receives leadership award by American Chemical Society http://t.co/Z0e6vCad50 @acsundergrad","554422403724374017"
"Amer Chem Society","@AmerChemSociety","JTCCoach","RT @AACTconnect: Thermodynamics &amp; Chemical Engineering lesson: http://t.co/DTC8s09BiE Find more teaching resources from @AmerChemSociety La‚Ä¶","568557933677682689"
"Amer Chem Society","@AmerChemSociety","E4SmartVillages","Silk could be new ëgreení material for next-generation batteries - American Chemical Society http://t.co/t5cJF9xfZC via @AmerChemSociety","576165554819452928"
"Amer Chem Society","@AmerChemSociety","OwlerAlerts","Thomas M. Connelly joined American Chemical Society (@AmerChemSociety) as CEO https://t.co/ve8AvvUUUw","583771190902202368"
"Amer Chem Society","@AmerChemSociety","Locanzeco","RT @Brain_Facts_org: One minor chemical change can turn the sweet #smell of a #rose sour http://t.co/BXsFFWZ03F video via @AmerChemSociety Ö","585581061662515201"
"Amer Chem Society","@AmerChemSociety","jeffjeff2007","RT @NOAA: CO2 record at NOAA  observatory named a Nat'l Historic Chemical Landmark by @AmerChemSociety http://t.co/VOPHFqADOD http://t.co/DÖ","591386426039730177"
"Amer Chem Society","@AmerChemSociety","takavl","RT @NOAA: CO2 record at NOAA  observatory named a Nat'l Historic Chemical Landmark by @AmerChemSociety http://t.co/VOPHFqADOD http://t.co/DÖ","591383047620141057"
"Amer Chem Society","@AmerChemSociety","inherentquality","RT @NOAA: CO2 record at NOAA  observatory named a Nat'l Historic Chemical Landmark by @AmerChemSociety http://t.co/VOPHFqADOD http://t.co/DÖ","593189782580273153"
"Amer Chem Society","@AmerChemSociety","AWinnr","RT @AmerChemSociety: Video: Bugs wage chemical warfare with butts and guts featuring @cenmag #speakingofchem http://t.co/tmwj7IvMJn http://Ö","605521631641923584"
"Amer Chem Society","@AmerChemSociety","JustinGood","‚Äú@AmerChemSociety: The remarkable chemistry of pizza (video) http://t.co/7qaZwtfQu5‚Äù Hey @emilydorsey -- this might be good for biochem.","559126720142671874"
"Amer Chem Society","@AmerChemSociety","CatalentRnD","RT @AmerChemSociety: RT @ACSpressroom: #Beer compound could help fend off #Alzheimer‚Äôs and Parkinson‚Äôs diseases http://t.co/KKYo6HRQrP #che‚Ä¶","560946476189491200"
"Amer Chem Society","@AmerChemSociety","OvaLombok","RT @VISTAScience: The chemistry of romance: http://t.co/lmge3rBnz7 @AmerChemSociety #chemistry #vday","566020305051602944"
"Amer Chem Society","@AmerChemSociety","cenmag","RT @ACSERC: In this week's @cenmag: @AmerChemSociety will host an #investor #pitch event for #chemistry #startups in San Diego: http://t.coÖ","572539609000722432"
"Amer Chem Society","@AmerChemSociety","HarryMacTough","RT @WordChem: Chemistry PhD - worth the effort? I look at the factors involved. inChemistry @AmerChemSociety http://t.co/nRDXzIchpF http://Ö","573268188638494720"
"Amer Chem Society","@AmerChemSociety","NeilLHeckman","RT @WordChem: Chemistry PhD - worth the effort? I look at the factors involved. inChemistry @AmerChemSociety http://t.co/nRDXzIchpF http://Ö","573265979863531521"
"Amer Chem Society","@AmerChemSociety","SigmaAldrich","RT @SAGlobalCit_JW: It's coming up #green at @AmerChemSociety w/ the @SigmaAldrich #Green #Chemistry session in #Denver http://t.co/a0Zk8hPÖ","580517416674975744"
"Amer Chem Society","@AmerChemSociety","melvekrog","@peterhartlaub @burritojustice This awesome front page even refers to the @AmerChemSociety ! #GoGiants #Chemistry","585225215275311104"
"Amer Chem Society","@AmerChemSociety","RissaChem","RT @AmerChemSociety: Millikin chemistry students combine fun, science - Quad-Cities Online: Q-C News http://t.co/GyTt8SCGi7 @ACSundergrad","585585324836937730"
"Amer Chem Society","@AmerChemSociety","OChemJulie","A6: going to a chemistry investor event @ACSERC working with the @AmerChemSociety We have chemistry!! @KatrinaStevens1 #EdTechBridge","585954058818588672"
"Amer Chem Society","@AmerChemSociety","heydebigale","RT @AmerChemSociety: Under 40 hours left to enter #chemchamps. Don't let one of the 8 spots for free #scicomm training pass you by http://tÖ","585949619718230016"
"Amer Chem Society","@AmerChemSociety","silanoldep","Chemistry!!! is out! http://t.co/15WC92WqC4 Stories via @Chemicalweek @AmerChemSociety","587767067371298816"
"Amer Chem Society","@AmerChemSociety","ruderalcoop","RT @Cannabis_Chem: The Cannabis Chemistry Committee is now OFFICIALLY a part of @AmerChemSociety and @ACSSCHB! Big thanks to everyone that Ö","588125282055413760"
"Amer Chem Society","@AmerChemSociety","WMlsACS","RT @bhgross144: Today, Liebig's Kaliapparat is familiar to most US chemists thanks to @AmerChemSociety's logo. #histSTM #chemistry http://tÖ","598273762224640000"
"Amer Chem Society","@AmerChemSociety","royal_rebello","RT @stevelevine: Thanks for this review @WordChem: My book review for ""The Powerhouse"" @AmerChemSociety website
http://t.co/JvhjWwmtR8 httpÖ","606246464151429120"
"Amer Chem Society","@AmerChemSociety","silanoldep","Chemistry!!! is out! http://t.co/sVaLLIoglI Stories via @AmerChemSociety @elsevierscience @3DMicroFactory","606973707186257920"
"Amer Chem Society","@AmerChemSociety","NE14NaCl_aq","RT @AmerChemSociety: RT @ACSReactions: Got a chemistry tattoo? Send them our way! We're currently working on a video about tattoos and we wÖ","614216770396811265"
"Amer Chem Society","@AmerChemSociety","GrandboisMatt","RT @DowChemical: #NEWS: @AmerChemSociety has named several of our scientists among the 2015 ìHeroes of Chemistry!"" Read more: http://t.co/KÖ","616028385567973376"
"ChEnected AIChE","@ChEnected","Niallmacdowell","RT @EnergyTechnol: An excellent article for chemical engineers working in energy research http://t.co/JW1fDSdGEK @DowChemical @ChEnected","574348768507723777"
"ChEnected AIChE","@ChEnected","ChEnected","RT @CharlieSchwedle: Mid Michigan Section of the American Institute of Chemical Engineers @ChEnected #bullockcreek #STEM http://t.co/zt7ebTÖ","591020279817711616"
"ChEnected AIChE","@ChEnected","flprin","RT @CharlieSchwedle: Mid Michigan Section of the American Institute of Chemical Engineers @ChEnected #bullockcreek #STEM http://t.co/zt7ebTÖ","591018516091969536"
"ChemHeritage","@ChemHeritage","NextCenturySean","RT @DrRubidium: The cool stuff you find around the ol' chem department! cc @ChemHeritage http://t.co/yIRhr8gE1W","605522345902538752"
"ChemHeritage","@ChemHeritage","future_ish","RT @DrRubidium: The cool stuff you find around the ol' chem department! cc @ChemHeritage http://t.co/yIRhr8gE1W","605522321386831873"
"ChemHeritage","@ChemHeritage","bhgross144","On the 50th anniversary of #MooresLaw learn how its namesake got his scientific start! (H/T @ChemHeritage) http://t.co/27Dza15KMv #histSTM","589939939384655872"
"ChemHeritage","@ChemHeritage","MuseumsCouncil","RT @ChemHeritage: Celebrating the 50th anniversary of #MooresLaw with the story of Moore's scientific start: a chemistry set! #HistSTM httpÖ","589938664832114688"
"ChemHeritage","@ChemHeritage","FryeDwight","RT @ChemHeritage: Celebrating the 50th anniversary of #MooresLaw with the story of Moore's scientific start: a chemistry set! #HistSTM httpÖ","589938415749177345"
"ChemHeritage","@ChemHeritage","LauraEVentura","RT @ChemHeritage: Celebrating love + chemistry, and #MarriageEquality! #LoveWins http://t.co/aaQdV3fxO0","614580004626628608"
"ChemHeritage","@ChemHeritage","RKPriestley","RT @ChemHeritage: Celebrating love + chemistry, and #MarriageEquality! #LoveWins http://t.co/aaQdV3fxO0","616024006555111424"
"ECS","@ECSorg","NatureEnergyJnl","Just completed registration for @ECSorg meeting and very excited to get my 1st set of #chemistry trading cards! http://t.co/OXd75s5fUi","602620454046670848"
"IChemE","@IChemE","HUCES_UOH","RT @IChemE: IChemE course - Mentoring for Chemical Engineers, 18 March 2015 - Book now: http://t.co/5aaNOs64gq","576166116256526337"
"IChemE","@IChemE","HUCES_UOH","RT @IChemE: IChemE Course - Creativity for Chemical Engineers, 17 March 2015 - Book now: http://t.co/2zZoi3FuMb","576165659731718144"
"IChemE","@IChemE","wilianto1","RT @IChemE: For all chemical engineers in industry &amp; aged under 30 - could you be an IChemE award winner? http://t.co/UfwQjlJ3S6 http://t.cÖ","598263553485774848"
"IUPAC","@IUPAC","khchem","Got a kid who likes #science and cartoons? @IUPAC Phys Chem Cartoon Competition. $100 to 4 winners. http://t.co/o8U3fF4huL #STEMedu","558406411257139202"
"IUPAC","@IUPAC","khchem","@IUPAC 2015 Distinguished Women in #Chemistry or Chemical Engineering -- Call for Nominations. 2/15/15 deadline. http://t.co/AdHAX50CnG","558408268478160896"
"IUPAC","@IUPAC","khchem","@IUPAC 2015 Distinguished Women in Chemistry or Chemical Engineering -- Call for Nominations. 2/15/15 deadline. http://t.co/AdHAX50CnG","558406786462789632"
"IUPAC","@IUPAC","CSIROPublishing","RT @DrMaggieHardy: Nominations for the @IUPAC Distinguished Women in #Chemistry or #ChemicalEngineering #Award close 15 February: http://t.‚Ä¶","564934372768620544"
"IUPAC","@IUPAC","howitt_julia","RT @DrMaggieHardy: Nominations for the @IUPAC Distinguished Women in #Chemistry or #ChemicalEngineering #Award close 15 February: http://t.‚Ä¶","564934087337459712"
"IUPAC","@IUPAC","larkened","RT @DrMaggieHardy: Nominations for the @IUPAC Distinguished Women in #Chemistry or #ChemicalEngineering #Award close 15 February: http://t.‚Ä¶","564934008195518464"
"IUPAC","@IUPAC","khchem","RT @drkeegansawyer: Apply Now. US Nat'l Cmte Young Observers Program. Attend 2015 @IUPAC #Chemistry Congress in South Korea @NASciences
 ht‚Ä¶","552247739049058305"
"IUPAC","@IUPAC","khchem","@IUPAC 2015 #Chemistry Congress travel awards for Busan, South Korea. Open to early-career chemists around the world. http://t.co/dD1raQH6X1","558408000638291968"
"IUPAC","@IUPAC","DrMaggieHardy","Nominations for the @IUPAC Distinguished Women in #Chemistry or #ChemicalEngineering #Award close 15 February: http://t.co/JDVmxnlBal","564933680812945408"
"IUPAC","@IUPAC","facrespoalvarez","RT @NatureNews: Contrary to #chemistry lore the @IUPAC hasn't ruled on what elements belong in that little gap
http://t.co/WTk3MK1dx8 http:Ö","586314852471308288"
"Royal Soc. Chemistry","@RoySocChem","NUITResearch","Congrats Professor Marks for awards from @RoySocChem &amp; the Italian Chemical Society: http://t.co/Asqv1TLDBd. @WeinbergCollege @NU_McCormick","606237722668331008"
"Royal Soc. Chemistry","@RoySocChem","ccddublin","RT @ucddublin: UCD student wins @RoySocChem Royal Society of Chemistry online video competition http://t.co/uhdFY0jj0W http://t.co/9abcYnjtÖ","600808949743493120"
"Royal Soc. Chemistry","@RoySocChem","LucyFaithEvans","RT @jayeshnavin: Great summary of @RoySocChem study on atts to chemistry by @chiara_ceci: http://t.co/XD0wlEwk8U. Look fwd to digesting fulÖ","606242993897652225"
"Royal Soc. Chemistry","@RoySocChem","KarenAvocado","RT @chiara_ceci: .@RoySocChem celebrates diversity in science with 175 faces of chemistry http://t.co/lxlhR8H3es #SciComm15","612047110066802688"
"Royal Soc. Chemistry","@RoySocChem","gardav05","RT @BHSSciencegeeks: Thinking of chemistry for A-level or at university? Sign up to ChemNet from The @RoySocChem here http://t.co/rmvaPHbGLP","614934083769106432"
"Cefic","@Cefic","KevinFaircloth1","RT @Cefic: #Water as the strangest chemical explained by @guardian video: http://t.co/eWSIFJYgQU #CeficWatermatters http://t.co/R7JW5kURap","610590826759106560"
"Chevron Phillips","@chevronphillips","AtlOBrien","RT @chevronphillips: CPChem CEO Pete Cella to speak tomorrow @ The Woodlands Economic Outlook Conf about closing the labor shortage gap in ‚Ä¶","568551158391787520"
"Eastman Chemical Co.","@EastmanChemCo","CircularEco","RT @SustainBrands: .@EastmanChemCo 1st U.S. member of new group that is supporting sustainable #supplychains in the global chem industry htÖ","609858905045344256"
"Syngenta","@Syngenta","JSTR_1","@Blackfang108 @TakeThatGMOs @AgaroSegel 
Screw @MonsantoCo @Syngenta @DowChemical @DuPont_News &amp; any other Chem Co trying to ""feed world!""","568914948505673729"
"Syngenta","@Syngenta","NCLK23","@Syngenta organomineral and organic NPK 
fertilizer  must be used instead of   chemical  NPK","559138163269320704"
"Syngenta","@Syngenta","TakeThatGMOs","RT @JSTR_1: @MonsantoCo @GMOAnswers @TakeThatGMOs @Syngenta @DuPont_News 
Chemical companies need to stop making GMOs &amp; lying about their s‚Ä¶","567832324089376768"
"Syngenta","@Syngenta","JSTR_1","@MonsantoCo @GMOAnswers @TakeThatGMOs @Syngenta @DuPont_News 
Chemical companies need to stop making GMOs &amp; lying about their safety
‚ãÖworld","567831991376224256"
"Syngenta","@Syngenta","cfoxthomas","RT @OrionGrassroots: Hawaiian activists confront @Syngenta on its Swiss home turf over pesticide overuse in Hawaii http://t.co/UHDwYgLA8o vÖ","598630092265381888"
"Syngenta","@Syngenta","sepia3C","RT @OrionGrassroots: Hawaiian activists confront @Syngenta on its Swiss home turf over pesticide overuse in Hawaii http://t.co/UHDwYgLA8o vÖ","598629740350709760"
"Syngenta","@Syngenta","RTCreatresstv","RT @OrionGrassroots: Hawaiian activists confront @Syngenta on its Swiss home turf over pesticide overuse in Hawaii http://t.co/UHDwYgLA8o vÖ","598628222155141120"
"Syngenta","@Syngenta","carm2158","RT @OrionGrassroots: Hawaiian activists confront @Syngenta on its Swiss home turf over pesticide overuse in Hawaii http://t.co/UHDwYgLA8o vÖ","598626280486117377"
"Yara International","@yara","abeeremad__","@yara_bader2 hahahahahah<ed><U+00A0><U+00BD><ed><U+00B8><U+0082><ed><U+00A0><U+00BD><ed><U+00B8><U+0082><ed><U+00A0><U+00BD><ed><U+00B8><U+0082><ed><U+00A0><U+00BD><ed><U+00B8><U+0082>goodluckk 7ub<U+2764><U+FE0F><U+2764><U+FE0F>2al chem 2al dont even remind me<ed><U+00A0><U+00BD><ed><U+00B8><U+0082><ed><U+00A0><U+00BD><ed><U+00B8><U+0082>","602599569629655040"
"Yara International","@yara","Ghfran_Sy","RT @yaraGHkhoury: the chemistry between the judges&lt;3 #MBCTheXFactor http://t.co/ItSm1sG5oV","577619002954014723"
"Yara International","@yara","RanimHossam","@yaraehabsoliman la enty hatshofeny b3d el chemistry <ed><U+00A0><U+00BD><ed><U+00B8><U+0082><ed><U+00A0><U+00BD><ed><U+00B8><U+0082><ed><U+00A0><U+00BD><ed><U+00B2><U+0083><ed><U+00A0><U+00BD><ed><U+00B2><U+0083>","614944412666331136"
"Evonik","@Evonik","larice_chamber","RT @EvonikCareersNA: Chem. Engineers &amp; Scientists, key parts to our current &amp; future success! Exploring opportunities. Growing together. htÖ","585218798829096960"
"ExxonMobil","@exxonmobil","DR___White","RT @exxonmobil: Introduction to Chemical Engineering | Lecture 1: http://t.co/zPKj0Likw6 via @YouTube @Stanford","571446896692060160"
"ExxonMobil","@exxonmobil","CGLRGreatlakes","RT @exxonmobil: #Innovation in the chemical industry means benefits to the envt and sustainability. Learn how we're involved http://t.co/7TÖ","609142552286134272"
"ExxonMobil","@exxonmobil","Fortune500_Inc","RT @exxonmobil: #Innovation in the chemical industry means benefits to the envt and sustainability. Learn how we're involved http://t.co/7TÖ","609141258322341888"
"ExxonMobil","@exxonmobil","GTMGQ","RT @exxonmobil: #Innovation in the chemical industry means benefits to the envt and sustainability. Learn how we're involved http://t.co/7TÖ","609139740915335168"
"BASF North America","@BASFCorporation","LinkWorxSeo","RT @BASFCorporation: See how better #farming techniques are creating prosperous communities: http://t.co/ntAaNj1ScN http://t.co/J4Mce75uC1","611315385153884160"
"BASF North America","@BASFCorporation","ChainGangGirl88","RT @BASFCorporation: See how BASF is creating chemistry to tackle the challenges of sustainable food: http://t.co/yxIb7no9bw #SCS_CH http:/Ö","613855039707344897"
"Dow","@DowChemical","silanoldep","Chemistry!!! is out! http://t.co/b1Caj3UtEf Stories via @DowChemical @Chem_Info @quimica_es","564936421329600513"
"Dow","@DowChemical","JSTR_1","@Blackfang108 @TakeThatGMOs @AgaroSegel 
Screw @MonsantoCo @Syngenta @DowChemical @DuPont_News &amp; any other Chem Co trying to ""feed world!""","568914948505673729"
"Dow","@DowChemical","CChrisafides","RT @AZPacPlastics: Our favorite Tweeter of the Day goes to DOW Chem @DowChemicalPU 
Big Thanks in every language! AZ Pacific Plastics http:Ö","600812945363304448"
"Dow","@DowChemical","SmartOrangeOwl","New Company Profile Available: @DowChemical. Access the profile here: http://t.co/oG6uCivgu5","566372613988290560"
"Dow","@DowChemical","Niallmacdowell","RT @EnergyTechnol: An excellent article for chemical engineers working in energy research http://t.co/JW1fDSdGEK @DowChemical @ChEnected","574348768507723777"
"Dow","@DowChemical","NWAnalytics","RT @PlantServices: .@DowChemical sees big savings from #bigdata thanks to a global analytics tool that helps make sense of it all. http://tÖ","575797551258955777"
"Dow","@DowChemical","uqalumni","RT @UQNorthAmerica: #UQ alumnus Dr Andrew Liveris, CEO of @DowChemical, will speak @michiganstateu commencement next month http://t.co/UHGiÖ","586307153880748033"
"Dow","@DowChemical","dharmaLin","Tell @DowChemical to shelve its newest chemical cocktail #EnlistDuo &amp; help save #monarchs from collapse. Sign now: http://t.co/tIxh8Tvf2I","601161766312214528"
"Dow","@DowChemical","amerlekelly","RT @RecklessDreamN: Tell @DowChemical to shelve its newest chemical cocktail #EnlistDuo &amp; help save #monarchs from collapse. Sign now: httpÖ","602987359542509569"
"Dow","@DowChemical","ConsiderThis1","RT @RecklessDreamN: Tell @DowChemical to shelve its newest chemical cocktail #EnlistDuo &amp; help save #monarchs from collapse. Sign now: httpÖ","602986687375933440"
"Dow","@DowChemical","Greeenguy111","RT @RecklessDreamN: Tell @DowChemical to shelve its newest chemical cocktail #EnlistDuo &amp; help save #monarchs from collapse. Sign now: httpÖ","602986513761234944"
"Dow","@DowChemical","ShisoSocial","Do &lt;3 love butterflies? Tell @DowChemical to shelve its newest chemical cocktail #EnlistDuo! TAKE ACTION: http://t.co/FlRwn13Z2C #wildlife","603710791968239616"
"Dow","@DowChemical","ruthmen","RT @all4feet: Tell @DowChemical to shelve its newest chemical cocktail #EnlistDuo &amp; help save #monarchs from collapse. Sign now: http://t.cÖ","604065698042642432"
"Dow","@DowChemical","keepmving","RT @cscmp: Using #IT as a competitive weapon: @DowChemical, @PepsiCo and the #IoT http://t.co/VTFirqFCnJ (via @logisticsviewpt)","605879056010076160"
"Dow","@DowChemical","WeylandR","RT @DowChemical: #DYK: We were the first chemical company to achieve the @HRC 100% for #LGBT inclusion in the workplace. Now 10 years &amp; couÖ","608418560130600960"
"Dow","@DowChemical","mindaykay","RT @DowChemical: #DYK: We were the first chemical company to achieve the @HRC 100% for #LGBT inclusion in the workplace. Now 10 years &amp; couÖ","608416243352219648"
"Dow","@DowChemical","Antonpjm","RT @UQNorthAmerica: Congrats to @uqalumni Dr Andrew Liveris, CEO of @DowChemical, on winning the ICIS Kavaler Award http://t.co/BZuQi487aG Ö","614217643684311040"
"Dow","@DowChemical","uqalumni","RT @UQNorthAmerica: Congrats to @uqalumni Dr Andrew Liveris, CEO of @DowChemical, on winning the ICIS Kavaler Award http://t.co/BZuQi487aG Ö","614215894219132930"
"Dow","@DowChemical","silanoldep","Chemistry!!! is out! http://t.co/zyXNC1Ucx4 Stories via @Chemicalweek @DowChemical @nchazarra","605886574346137600"
"Dow","@DowChemical","GrandboisMatt","RT @DowChemical: #NEWS: @AmerChemSociety has named several of our scientists among the 2015 ìHeroes of Chemistry!"" Read more: http://t.co/KÖ","616028385567973376"
"DuPont News","@DuPont_News","JSTR_1","@Blackfang108 @TakeThatGMOs @AgaroSegel 
Screw @MonsantoCo @Syngenta @DowChemical @DuPont_News &amp; any other Chem Co trying to ""feed world!""","568914948505673729"
"DuPont News","@DuPont_News","TakeThatGMOs","RT @JSTR_1: @MonsantoCo @GMOAnswers @TakeThatGMOs @Syngenta @DuPont_News 
Chemical companies need to stop making GMOs &amp; lying about their s‚Ä¶","567832324089376768"
"DuPont News","@DuPont_News","JSTR_1","@MonsantoCo @GMOAnswers @TakeThatGMOs @Syngenta @DuPont_News 
Chemical companies need to stop making GMOs &amp; lying about their safety
‚ãÖworld","567831991376224256"
"DuPont News","@DuPont_News","Marlore2","RT @Eng_Materials: Safety, efficiency and reliability for chemical industry https://t.co/xjDh9CCkL7 @DuPont_News @ACHEMAworldwide http://t.Ö","596090626267045888"
"BASF","@BASF","GrainTradeAus","#NWPGP Thanks #Aust #Grain Storage &amp; Protection Conf Silver Sponsors @BASF_Agro_Au FABTECH, Kotzur @NatRoadTranAsn &amp; Sumitomo Chemical","610957683630469120"
"BASF","@BASF","MrTox2000","RT @BASFPerforMatls: #Chemistry in the Great Outdoors|YouTube @accpolyurethane http://t.co/ifqeY0sBSU","602984972224483328"
"BASF","@BASF","LinkWorxSeo","RT @BASFCorporation: See how better #farming techniques are creating prosperous communities: http://t.co/ntAaNj1ScN http://t.co/J4Mce75uC1","611315385153884160"
"BASF","@BASF","pope_john3","RT @BASF: Discover Hˆvding, airbag for cyclists that protects against head injuries #CreatingChemistry. http://t.co/VqYw3JUOD2 http://t.co/Ö","611675395394375684"
"BASF","@BASF","sethunairNY","An #innovator in the field of #Chemistry @BASF | My sister Jaya Mohanan on her inspiring life and work! &gt;&gt; http://t.co/4wBT0pAJtQ #STEMWomen","612396868484493313"
"BASF","@BASF","ChainGangGirl88","RT @BASFCorporation: See how BASF is creating chemistry to tackle the challenges of sustainable food: http://t.co/yxIb7no9bw #SCS_CH http:/Ö","613855039707344897"
